instanceID	dataIDs	label_set	non_label
1151-account%1:07:00::	1151,account%1:07:00::	1,0	-
1151-account%1:07:01::	1151,account%1:07:01::	1,0	-
1151-account%1:10:00::	1151,account%1:10:00::	1,0	-
1151-account%1:10:02::	1151,account%1:10:02::	1,0	-
1151-account%1:10:03::	1151,account%1:10:03::	1,0	-
1151-account%1:10:04::	1151,account%1:10:04::	1,0	-
1151-account%1:10:05::	1151,account%1:10:05::	1,0	-
1151-account%1:16:00::	1151,account%1:16:00::	1,0	-
1151-account%1:21:02::	1151,account%1:21:02::	1,0	-
1151-account%1:26:00::	1151,account%1:26:00::	1,0	-
1152-account%1:07:00::	1152,account%1:07:00::	1,0	-
1152-account%1:07:01::	1152,account%1:07:01::	1,0	-
1152-account%1:10:00::	1152,account%1:10:00::	1,0	-
1152-account%1:10:02::	1152,account%1:10:02::	1,0	-
1152-account%1:10:03::	1152,account%1:10:03::	1,0	-
1152-account%1:10:04::	1152,account%1:10:04::	1,0	-
1152-account%1:10:05::	1152,account%1:10:05::	1,0	-
1152-account%1:16:00::	1152,account%1:16:00::	1,0	-
1152-account%1:21:02::	1152,account%1:21:02::	1,0	-
1152-account%1:26:00::	1152,account%1:26:00::	1,0	-
1153-account%1:07:00::	1153,account%1:07:00::	1,0	-
1153-account%1:07:01::	1153,account%1:07:01::	1,0	-
1153-account%1:10:00::	1153,account%1:10:00::	1,0	-
1153-account%1:10:02::	1153,account%1:10:02::	1,0	-
1153-account%1:10:03::	1153,account%1:10:03::	1,0	-
1153-account%1:10:04::	1153,account%1:10:04::	1,0	-
1153-account%1:10:05::	1153,account%1:10:05::	1,0	-
1153-account%1:16:00::	1153,account%1:16:00::	1,0	-
1153-account%1:21:02::	1153,account%1:21:02::	1,0	-
1153-account%1:26:00::	1153,account%1:26:00::	1,0	-
1154-account%1:07:00::	1154,account%1:07:00::	1,0	-
1154-account%1:07:01::	1154,account%1:07:01::	1,0	-
1154-account%1:10:00::	1154,account%1:10:00::	1,0	-
1154-account%1:10:02::	1154,account%1:10:02::	1,0	-
1154-account%1:10:03::	1154,account%1:10:03::	1,0	-
1154-account%1:10:04::	1154,account%1:10:04::	1,0	-
1154-account%1:10:05::	1154,account%1:10:05::	1,0	-
1154-account%1:16:00::	1154,account%1:16:00::	1,0	-
1154-account%1:21:02::	1154,account%1:21:02::	1,0	-
1154-account%1:26:00::	1154,account%1:26:00::	1,0	-
1155-account%1:07:00::	1155,account%1:07:00::	1,0	-
1155-account%1:07:01::	1155,account%1:07:01::	1,0	-
1155-account%1:10:00::	1155,account%1:10:00::	1,0	-
1155-account%1:10:02::	1155,account%1:10:02::	1,0	-
1155-account%1:10:03::	1155,account%1:10:03::	1,0	-
1155-account%1:10:04::	1155,account%1:10:04::	1,0	-
1155-account%1:10:05::	1155,account%1:10:05::	1,0	-
1155-account%1:16:00::	1155,account%1:16:00::	1,0	-
1155-account%1:21:02::	1155,account%1:21:02::	1,0	-
1155-account%1:26:00::	1155,account%1:26:00::	1,0	-
1156-account%1:07:00::	1156,account%1:07:00::	1,0	-
1156-account%1:07:01::	1156,account%1:07:01::	1,0	-
1156-account%1:10:00::	1156,account%1:10:00::	1,0	-
1156-account%1:10:02::	1156,account%1:10:02::	1,0	-
1156-account%1:10:03::	1156,account%1:10:03::	1,0	-
1156-account%1:10:04::	1156,account%1:10:04::	1,0	-
1156-account%1:10:05::	1156,account%1:10:05::	1,0	-
1156-account%1:16:00::	1156,account%1:16:00::	1,0	-
1156-account%1:21:02::	1156,account%1:21:02::	1,0	-
1156-account%1:26:00::	1156,account%1:26:00::	1,0	-
1157-account%1:07:00::	1157,account%1:07:00::	1,0	-
1157-account%1:07:01::	1157,account%1:07:01::	1,0	-
1157-account%1:10:00::	1157,account%1:10:00::	1,0	-
1157-account%1:10:02::	1157,account%1:10:02::	1,0	-
1157-account%1:10:03::	1157,account%1:10:03::	1,0	-
1157-account%1:10:04::	1157,account%1:10:04::	1,0	-
1157-account%1:10:05::	1157,account%1:10:05::	1,0	-
1157-account%1:16:00::	1157,account%1:16:00::	1,0	-
1157-account%1:21:02::	1157,account%1:21:02::	1,0	-
1157-account%1:26:00::	1157,account%1:26:00::	1,0	-
1158-account%1:07:00::	1158,account%1:07:00::	1,0	-
1158-account%1:07:01::	1158,account%1:07:01::	1,0	-
1158-account%1:10:00::	1158,account%1:10:00::	1,0	-
1158-account%1:10:02::	1158,account%1:10:02::	1,0	-
1158-account%1:10:03::	1158,account%1:10:03::	1,0	-
1158-account%1:10:04::	1158,account%1:10:04::	1,0	-
1158-account%1:10:05::	1158,account%1:10:05::	1,0	-
1158-account%1:16:00::	1158,account%1:16:00::	1,0	-
1158-account%1:21:02::	1158,account%1:21:02::	1,0	-
1158-account%1:26:00::	1158,account%1:26:00::	1,0	-
1159-account%1:07:00::	1159,account%1:07:00::	1,0	-
1159-account%1:07:01::	1159,account%1:07:01::	1,0	-
1159-account%1:10:00::	1159,account%1:10:00::	1,0	-
1159-account%1:10:02::	1159,account%1:10:02::	1,0	-
1159-account%1:10:03::	1159,account%1:10:03::	1,0	-
1159-account%1:10:04::	1159,account%1:10:04::	1,0	-
1159-account%1:10:05::	1159,account%1:10:05::	1,0	-
1159-account%1:16:00::	1159,account%1:16:00::	1,0	-
1159-account%1:21:02::	1159,account%1:21:02::	1,0	-
1159-account%1:26:00::	1159,account%1:26:00::	1,0	-
1160-account%1:07:00::	1160,account%1:07:00::	1,0	-
1160-account%1:07:01::	1160,account%1:07:01::	1,0	-
1160-account%1:10:00::	1160,account%1:10:00::	1,0	-
1160-account%1:10:02::	1160,account%1:10:02::	1,0	-
1160-account%1:10:03::	1160,account%1:10:03::	1,0	-
1160-account%1:10:04::	1160,account%1:10:04::	1,0	-
1160-account%1:10:05::	1160,account%1:10:05::	1,0	-
1160-account%1:16:00::	1160,account%1:16:00::	1,0	-
1160-account%1:21:02::	1160,account%1:21:02::	1,0	-
1160-account%1:26:00::	1160,account%1:26:00::	1,0	-
